<?xml version="1.0" encoding="utf-8"?>
<hibernate-configuration  xmlns="urn:nhibernate-configuration-2.2" >
    <session-factory>    
		<property name="dialect">NHibernate.Dialect.MySQLDialect</property>
		<property name="connection.provider">NHibernate.Connection.DriverConnectionProvider</property>
		<property name="connection.driver_class">NHibernate.Driver.MySqlDataDriver</property>
		<property name="connection.connection_string">Server=localhost;Database=StockSBA;User ID=root;Password=;CharSet=utf8</property>	  
		
		<property name="show_sql">false</property>		
		<property name="use_proxy_validator">false</property>
		<property name="hbm2ddl.keywords">none</property>
		<property name="hbm2ddl.auto">update</property> 
    </session-factory>
</hibernate-configuration>
