<?xml version="1.0" encoding="utf-8"?>
<hibernate-configuration  xmlns="urn:nhibernate-configuration-2.2" >
    <session-factory>
      <property name="connection.provider">NHibernate.Connection.DriverConnectionProvider</property>
      <property name="connection.driver_class">NHibernate.Driver.SqlClientDriver</property>
      <property name="connection.connection_string_name">LocalDb</property>
      <property name="dialect">NHibernate.Dialect.MsSql2008Dialect</property>
      <property name="connection.connection_string">Data Source=(LocalDB)\v11.0;AttachDbFilename=|DataDirectory|\MyAppDB.mdf;Integrated Security=True;Connect Timeout=30</property>
      <property name="show_sql">false</property>
      <property name="use_proxy_validator">false</property>
      <property name="hbm2ddl.keywords">none</property>
      <property name="hbm2ddl.auto">update</property>
    </session-factory>
</hibernate-configuration>
